{"cameraMode":{"drawMode":0,"name":"Shaded","section":"Shading Mode"},"sceneLighting":true,"audioPlay":false,"sceneViewState":{"showFog":true,"showMaterialUpdate":false,"showSkybox":true,"showFlares":true,"showImageEffects":true,"showParticleSystems":true},"in2DMode":false,"pivot":{"x":47.91980743408203,"y":-15.487252235412598,"z":1.2415485382080079},"rotation":{"x":-0.01080775260925293,"y":0.017095331102609636,"z":-0.0001859546173363924,"w":-0.99980229139328},"size":6.038780212402344,"orthographic":false}