{"cameraMode":{"drawMode":0,"name":"Shaded","section":"Shading Mode"},"sceneLighting":true,"audioPlay":false,"sceneViewState":{"showFog":true,"showMaterialUpdate":false,"showSkybox":true,"showFlares":true,"showImageEffects":true,"showParticleSystems":true},"in2DMode":false,"pivot":{"x":2.066298723220825,"y":2.268810272216797,"z":0.6477324962615967},"rotation":{"x":0.016158385202288629,"y":-0.06235446408390999,"z":-0.0010107937268912793,"w":-0.997928261756897},"size":2.608555316925049,"orthographic":false}