{"cameraMode":{"drawMode":0,"name":"Shaded","section":"Shading Mode"},"sceneLighting":true,"audioPlay":false,"sceneViewState":{"showFog":true,"showMaterialUpdate":false,"showSkybox":true,"showFlares":true,"showImageEffects":true,"showParticleSystems":true},"in2DMode":false,"pivot":{"x":476.3134765625,"y":270.5852355957031,"z":-8.3675537109375},"rotation":{"x":-0.14654512703418733,"y":-0.05576276779174805,"z":0.008273699320852757,"w":-0.9876044988632202},"size":159.26763916015626,"orthographic":false}