{"cameraMode":{"drawMode":0,"name":"Shaded","section":"Shading Mode"},"sceneLighting":true,"audioPlay":false,"sceneViewState":{"showFog":true,"showMaterialUpdate":false,"showSkybox":true,"showFlares":true,"showImageEffects":true,"showParticleSystems":true},"in2DMode":false,"pivot":{"x":4.949343204498291,"y":0.4965022802352905,"z":0.02823162078857422},"rotation":{"x":-0.19093887507915498,"y":-0.043570391833782199,"z":0.00848277285695076,"w":-0.9806028604507446},"size":2.70739483833313,"orthographic":false}