{"cameraMode":{"drawMode":0,"name":"Shaded","section":"Shading Mode"},"sceneLighting":true,"audioPlay":false,"sceneViewState":{"showFog":true,"showMaterialUpdate":false,"showSkybox":true,"showFlares":true,"showImageEffects":true,"showParticleSystems":true},"in2DMode":false,"pivot":{"x":0.9364970326423645,"y":1.1580066680908204,"z":0.8257291316986084},"rotation":{"x":0.016158385202288629,"y":-0.06235446408390999,"z":-0.0010107937268912793,"w":-0.997928261756897},"size":3.5085554122924806,"orthographic":false}