{"cameraMode":{"drawMode":0,"name":"Shaded","section":"Shading Mode"},"sceneLighting":true,"audioPlay":false,"sceneViewState":{"showFog":true,"showMaterialUpdate":false,"showSkybox":true,"showFlares":true,"showImageEffects":true,"showParticleSystems":true},"in2DMode":false,"pivot":{"x":1.6824588775634766,"y":0.7844754457473755,"z":0.1790468692779541},"rotation":{"x":-0.07970845699310303,"y":-0.020336519926786424,"z":0.0016256418311968446,"w":-0.9966137409210205},"size":1.207395076751709,"orthographic":false}