{"cameraMode":{"drawMode":0,"name":"Shaded","section":"Shading Mode"},"sceneLighting":true,"audioPlay":false,"sceneViewState":{"showFog":true,"showMaterialUpdate":false,"showSkybox":true,"showFlares":true,"showImageEffects":true,"showParticleSystems":true},"in2DMode":false,"pivot":{"x":1.029850721359253,"y":1.8853001594543458,"z":1.1232655048370362},"rotation":{"x":-0.10660688579082489,"y":0.0005938538815826178,"z":-0.00006441502046072856,"w":-0.9943052530288696},"size":2.1073949337005617,"orthographic":false}