{"cameraMode":{"drawMode":0,"name":"Shaded","section":"Shading Mode"},"sceneLighting":true,"audioPlay":false,"sceneViewState":{"showFog":true,"showMaterialUpdate":false,"showSkybox":true,"showFlares":true,"showImageEffects":true,"showParticleSystems":true},"in2DMode":false,"pivot":{"x":0.14982441067695619,"y":0.4861350655555725,"z":0.19354963302612306},"rotation":{"x":-0.07970845699310303,"y":-0.020336519926786424,"z":0.0016256418311968446,"w":-0.9966137409210205},"size":2.70739483833313,"orthographic":false}