{"cameraMode":{"drawMode":0,"name":"Shaded","section":"Shading Mode"},"sceneLighting":true,"audioPlay":false,"sceneViewState":{"showFog":true,"showMaterialUpdate":false,"showSkybox":true,"showFlares":true,"showImageEffects":true,"showParticleSystems":true},"in2DMode":false,"pivot":{"x":1.1146007776260377,"y":1.2118306159973145,"z":0.5935509204864502},"rotation":{"x":0.011688349768519402,"y":0.018595080822706224,"z":0.00021666026441380382,"w":-0.999763011932373},"size":1.207395076751709,"orthographic":false}