{"cameraMode":{"drawMode":0,"name":"Shaded","section":"Shading Mode"},"sceneLighting":true,"audioPlay":false,"sceneViewState":{"showFog":true,"showMaterialUpdate":false,"showSkybox":true,"showFlares":true,"showImageEffects":true,"showParticleSystems":true},"in2DMode":false,"pivot":{"x":-0.16591651737689973,"y":0.7315253615379334,"z":0.950603723526001},"rotation":{"x":-0.00041634784429334104,"y":0.9991182088851929,"z":-0.04079608991742134,"w":-0.010190247558057309},"size":0.9617331624031067,"orthographic":false}