{"cameraMode":{"drawMode":0,"name":"Shaded","section":"Shading Mode"},"sceneLighting":true,"audioPlay":false,"sceneViewState":{"showFog":true,"showMaterialUpdate":false,"showSkybox":true,"showFlares":true,"showImageEffects":true,"showParticleSystems":true},"in2DMode":false,"pivot":{"x":2.9284427165985109,"y":1.7274872064590455,"z":0.1066904067993164},"rotation":{"x":-0.024305978789925576,"y":-0.009899748489260674,"z":0.00023969759058672935,"w":-0.9996611475944519},"size":3.0423951148986818,"orthographic":false}