{"cameraMode":{"drawMode":0,"name":"Shaded","section":"Shading Mode"},"sceneLighting":true,"audioPlay":false,"sceneViewState":{"showFog":true,"showMaterialUpdate":false,"showSkybox":true,"showFlares":true,"showImageEffects":true,"showParticleSystems":true},"in2DMode":false,"pivot":{"x":298.4375,"y":163.49859619140626,"z":28.285675048828126},"rotation":{"x":-0.10660688579082489,"y":0.0005938538815826178,"z":-0.00006441502046072856,"w":-0.9943052530288696},"size":168.15487670898438,"orthographic":false}