{"cameraMode":{"drawMode":0,"name":"Shaded","section":"Shading Mode"},"sceneLighting":true,"audioPlay":false,"sceneViewState":{"showFog":true,"showMaterialUpdate":false,"showSkybox":true,"showFlares":true,"showImageEffects":true,"showParticleSystems":true},"in2DMode":false,"pivot":{"x":0.0,"y":1.5628736019134522,"z":0.9299999475479126},"rotation":{"x":0.016158385202288629,"y":-0.06235446408390999,"z":-0.0010107937268912793,"w":-0.997928261756897},"size":1.1085554361343384,"orthographic":false}