{"cameraMode":{"drawMode":0,"name":"Shaded","section":"Shading Mode"},"sceneLighting":true,"audioPlay":false,"sceneViewState":{"showFog":true,"showMaterialUpdate":false,"showSkybox":true,"showFlares":true,"showImageEffects":true,"showParticleSystems":true},"in2DMode":false,"pivot":{"x":4.655981063842773,"y":0.872803807258606,"z":0.36838197708129885},"rotation":{"x":0.016158385202288629,"y":-0.06235446408390999,"z":-0.0010107937268912793,"w":-0.997928261756897},"size":5.9085564613342289,"orthographic":false}